Timestamp ,Region 1,Region 2,Region 3,Region 4,Region 5,Region 6,Region 7,Region 8,Region 9,Region 10,Region 11,Region 12,Region 13,Region 14,Region 15,Region 16,Region 17,Region 18,Region 19,Region 20,Region 21,Region 22,Region 23,Region 24,Region 25,Region 26,Region 27,Region 28,Region 29,Region 30,Region 31,Region 32
0.077048,55,176,54,221,54,558,53,156,54,278,54,350,54,191,54,160,55,300,54,371,54,407,54,466,54,360,54,322,54,412,54,348
0.326359,54,145,54,195,53,490,54,173,55,269,54,271,54,204,55,142,54,249,54,387,54,440,55,524,54,413,54,349,54,428,54,335
0.575671,55,163,53,196,53,482,54,160,55,330,55,276,55,235,55,172,53,275,53,333,54,463,55,446,55,335,55,285,53,462,54,315
0.824982,54,151,55,184,53,521,54,150,56,267,54,322,54,219,56,163,54,247,54,325,54,456,55,460,54,364,54,341,54,398,55,344
1.074294,54,227,54,190,53,466,53,152,55,333,54,297,54,240,55,172,54,282,54,362,55,424,54,470,54,398,54,330,55,461,54,416
1.323605,54,210,53,180,53,412,53,165,54,330,54,360,54,225,55,206,54,267,54,362,54,447,56,441,54,381,55,376,53,347,54,372
1.572916,53,148,55,214,54,468,53,146,54,358,55,330,53,214,55,195,53,218,53,342,53,446,55,446,53,393,55,346,53,465,54,373
1.822228,53,143,54,243,52,433,54,171,55,286,54,230,54,195,56,216,54,261,53,381,54,462,55,447,54,443,54,349,55,439,54,435
2.071539,54,190,53,206,54,408,52,180,54,372,54,319,54,243,54,163,54,293,53,367,54,471,54,459,54,373,54,319,54,410,54,400
2.320851,54,147,54,254,54,447,53,172,54,383,53,294,54,245,55,181,54,264,54,282,54,503,55,502,55,391,55,347,54,418,54,367
2.570162,54,149,54,230,53,411,53,158,54,355,54,343,54,269,54,186,54,311,52,340,54,505,54,457,55,421,54,303,53,472,53,369
2.819473,53,187,53,244,53,464,54,167,55,313,54,312,54,223,55,184,55,278,55,344,54,544,55,472,54,390,54,369,55,487,54,349
3.068785,53,145,52,263,53,435,54,163,54,313,53,335,54,242,55,206,54,273,54,366,54,514,54,471,54,383,55,335,54,411,54,308
3.318096,55,189,54,221,54,492,54,163,55,300,53,360,53,244,55,195,54,217,54,376,54,523,55,460,54,404,54,297,53,444,55,291
3.567408,54,189,55,272,53,463,53,160,54,357,53,273,55,227,55,210,54,275,53,413,53,519,55,478,54,412,54,346,53,422,54,258
3.816719,54,183,54,231,54,500,54,180,55,282,55,313,54,220,54,220,55,277,54,361,54,502,54,464,54,389,54,314,53,434,54,314
4.066031,53,209,54,258,53,456,53,124,55,313,53,317,54,267,54,207,54,278,54,354,53,549,55,458,54,412,54,336,54,467,54,318
4.315342,54,196,54,281,53,527,53,146,54,335,53,317,54,248,55,174,54,293,54,375,53,565,55,448,55,381,54,361,53,492,54,301
4.564653,53,155,53,243,54,454,52,195,54,274,54,358,54,250,54,206,54,300,54,372,54,559,54,499,55,410,54,356,54,489,55,279
4.813965,54,185,55,292,52,532,54,208,55,266,54,340,54,249,55,189,56,272,55,405,54,613,54,456,53,375,54,310,54,467,54,309
5.063276,54,130,55,254,54,535,54,186,54,338,54,352,54,274,55,172,55,254,54,385,54,529,55,479,54,391,54,309,55,385,54,291
5.312588,53,162,54,224,53,417,53,186,54,315,54,307,55,289,55,180,55,289,54,402,54,591,55,446,54,340,55,336,54,398,54,397
5.561899,54,149,53,222,53,521,53,199,55,355,54,360,54,261,55,221,54,243,54,327,53,546,55,464,55,392,55,355,53,464,54,399
5.811210,53,173,56,220,53,501,54,214,56,343,54,317,54,230,54,178,55,240,55,352,53,605,55,501,54,361,54,347,54,434,53,408
6.060522,53,195,53,236,53,459,52,172,55,361,54,302,54,287,55,185,54,257,53,396,54,616,54,431,54,424,53,341,53,354,53,493
6.309833,54,178,53,200,54,496,53,146,54,373,53,334,54,279,55,177,54,293,53,331,54,559,55,479,54,370,54,352,54,403,54,493
6.559145,54,179,55,192,53,499,53,186,54,430,54,298,55,233,55,243,54,229,54,366,54,583,56,466,54,383,55,355,54,407,54,465
6.808456,53,166,55,182,53,503,54,169,56,380,54,331,53,249,53,221,55,308,54,402,54,619,55,482,54,424,54,355,54,453,54,412
7.057767,54,170,54,211,53,564,53,172,54,348,54,354,54,255,55,180,55,278,54,342,54,596,55,472,53,379,53,287,54,448,54,422
7.307079,54,140,54,202,53,451,53,191,54,367,54,349,54,259,55,191,55,312,53,373,54,589,55,509,54,384,54,311,55,450,54,419
7.556390,54,171,54,262,52,456,55,183,55,349,53,309,54,245,54,211,54,262,53,332,53,576,54,479,54,366,54,342,54,451,54,515
7.805702,53,166,54,218,54,538,52,151,54,352,55,342,55,232,54,155,54,233,55,339,53,650,54,480,53,361,54,299,54,431,55,500
8.055013,55,155,56,158,54,492,54,138,55,304,54,296,54,262,55,195,55,244,54,380,54,601,55,479,55,387,54,332,54,507,55,449
8.304324,54,170,53,221,53,464,53,194,54,339,54,290,53,229,54,160,55,322,54,388,53,624,55,462,54,378,54,287,54,428,55,439
8.553636,54,176,54,372,53,451,53,166,54,309,53,279,54,238,54,221,55,336,54,318,53,618,54,441,54,360,53,331,53,472,55,408
8.802947,53,213,54,363,53,493,53,209,53,306,54,244,54,251,54,234,55,263,54,414,54,592,54,460,54,378,54,392,54,413,54,304
9.052259,55,233,54,267,54,479,53,183,54,309,54,318,54,270,54,170,54,237,54,348,54,608,54,419,53,394,54,374,54,410,54,336
9.301570,55,161,54,251,54,519,53,197,54,306,54,300,53,230,54,191,56,296,54,376,54,536,55,495,55,423,54,387,54,415,55,368
9.550881,54,219,54,264,53,459,54,170,54,294,54,334,54,253,56,205,54,299,54,375,54,626,55,448,54,370,54,369,54,417,54,426
9.800193,53,223,54,214,54,482,53,155,54,308,55,340,55,244,55,161,55,265,54,395,54,570,54,496,55,377,54,381,54,386,55,463
10.049504,53,180,53,236,52,411,53,161,54,311,53,321,54,267,54,200,55,283,54,338,54,589,55,456,54,374,55,341,54,362,53,430
10.298816,53,152,54,189,54,435,54,167,54,316,54,296,54,265,54,162,55,287,53,408,54,657,54,420,54,401,55,379,54,429,55,533
10.548127,54,178,53,212,55,419,52,174,54,310,54,319,54,229,55,183,54,266,54,369,53,601,56,489,54,399,54,354,52,446,54,551
10.797439,54,144,53,224,54,462,53,178,54,310,54,302,54,244,54,176,54,332,54,377,55,572,55,484,54,405,54,360,53,412,54,550
11.046750,54,171,54,170,56,499,53,135,54,363,55,339,54,277,54,178,54,305,54,340,55,650,55,473,54,413,54,356,53,403,54,635
11.296061,54,141,54,187,55,468,53,197,54,322,54,349,54,262,55,150,54,292,54,423,54,602,54,457,53,401,55,285,53,401,55,626
11.545373,53,206,53,209,53,489,53,166,53,360,54,363,54,258,55,184,55,217,54,356,53,585,54,494,54,406,54,320,55,439,54,617
11.794684,54,162,54,191,52,505,53,169,54,376,54,382,53,282,55,189,54,257,54,358,54,568,55,458,53,384,54,354,55,439,54,664
12.043996,54,177,54,194,54,506,53,129,54,375,54,324,54,243,54,159,55,286,54,402,54,543,54,483,53,350,54,333,55,421,54,515
12.293307,54,208,54,228,54,470,53,150,54,347,53,352,53,274,55,189,53,287,53,364,54,576,55,515,54,432,54,354,54,417,56,460
12.542618,53,192,54,199,54,456,53,177,55,407,54,311,54,266,54,180,54,293,54,415,54,626,55,453,55,382,54,360,54,469,54,448
12.791930,53,172,54,217,53,497,53,177,54,352,54,358,54,251,55,181,53,258,53,406,53,578,55,456,53,385,54,317,55,431,55,467
13.041241,53,149,54,195,53,530,53,180,54,364,53,305,53,243,53,178,55,280,54,406,54,609,54,470,54,388,54,322,53,434,54,494
13.290553,54,165,54,233,53,499,53,179,55,410,54,329,54,256,55,171,54,239,54,414,55,624,54,508,54,346,54,309,53,393,54,476
13.539864,52,178,54,196,53,473,53,139,54,419,53,342,54,234,55,196,54,290,54,358,54,567,56,523,54,351,54,299,55,377,55,497
13.789175,54,149,53,216,53,504,52,189,53,408,54,339,54,262,55,170,54,245,53,399,55,603,53,392,54,368,54,391,54,458,54,514
14.038487,53,188,54,205,55,501,53,188,55,394,54,323,54,276,55,189,54,258,53,327,54,597,55,440,54,368,54,353,54,455,53,498
14.287798,54,172,55,208,53,488,54,190,56,380,54,297,54,259,55,193,54,293,54,413,54,599,54,473,54,389,54,369,53,452,55,567
14.537110,53,149,53,236,53,472,52,135,53,355,53,314,54,242,54,186,54,269,53,386,53,593,55,463,54,389,54,319,53,378,54,529
14.786421,54,181,54,213,53,456,53,163,55,383,54,319,54,250,54,150,54,282,54,437,55,551,55,500,53,391,54,317,53,453,55,490
15.035732,54,189,55,261,55,437,52,184,55,385,54,344,54,246,54,192,55,264,54,370,53,624,54,484,54,415,54,381,55,374,53,427
15.285044,53,204,54,175,53,450,53,183,55,365,54,347,54,225,54,198,54,264,54,401,54,638,55,485,54,387,54,295,54,432,54,464
15.534355,53,152,53,188,53,443,53,164,53,357,53,356,54,243,55,187,54,264,54,419,53,619,55,499,54,377,54,313,54,424,55,370
15.783667,54,185,53,199,55,445,53,177,54,315,53,326,54,244,55,173,54,246,54,363,54,571,54,479,55,393,54,326,53,448,53,444
16.032978,54,162,54,221,53,479,54,200,54,367,54,265,54,223,54,168,55,246,54,405,54,582,54,490,53,384,53,348,53,445,54,453
16.282290,55,167,54,207,54,532,53,167,55,270,54,289,54,253,54,182,53,256,54,373,54,579,55,466,54,350,55,345,53,497,54,499
16.531601,54,170,53,197,53,530,53,209,54,338,53,337,54,251,55,186,54,253,53,423,54,583,56,451,55,375,54,330,53,373,55,500
16.780912,54,209,53,211,52,429,52,165,54,344,55,371,54,241,55,164,55,285,54,417,54,583,55,460,53,392,53,335,53,409,54,495
17.030224,54,168,54,226,54,526,53,190,53,372,54,368,54,253,54,215,53,305,54,440,53,578,54,452,53,398,54,307,53,432,54,511
17.279535,54,185,54,174,53,438,53,134,54,335,54,300,54,265,54,195,56,302,54,371,54,548,54,485,54,420,54,311,54,531,54,519
17.528847,54,189,53,219,53,481,53,194,54,357,54,326,53,237,54,174,54,264,54,387,53,570,54,482,54,351,55,372,54,436,54,512
17.778158,53,177,53,226,54,433,53,189,54,362,54,334,54,235,55,161,54,284,53,398,54,598,55,520,54,395,53,365,53,419,54,455
18.027469,54,156,55,191,53,475,53,169,55,361,53,356,54,229,54,185,54,248,53,402,53,585,55,483,54,356,53,337,53,433,54,533
18.276781,55,143,54,196,53,434,53,204,55,294,54,332,54,256,54,155,54,257,54,447,54,564,55,472,53,421,55,351,53,454,54,476
18.526092,55,157,54,231,53,467,53,169,54,317,55,278,54,257,55,148,54,255,53,402,53,570,55,484,53,432,53,309,54,448,54,506
18.775404,54,181,54,219,54,456,52,169,54,331,55,276,55,297,54,196,52,229,53,389,54,562,54,468,53,408,54,347,53,417,54,467
19.024715,53,173,54,230,54,492,53,195,54,336,54,334,54,215,54,204,54,275,55,382,54,616,55,449,54,379,54,354,54,487,54,535
19.274026,55,193,53,201,55,518,53,182,54,292,54,287,54,224,54,191,54,243,53,363,54,546,54,451,54,377,54,358,55,478,53,426
19.523338,54,207,53,195,54,458,53,167,53,360,54,322,54,260,56,191,54,292,54,404,53,613,55,477,54,375,55,333,53,493,54,424
19.772649,53,193,53,193,53,523,53,137,54,340,54,323,53,248,54,163,54,237,53,386,54,605,54,483,54,382,54,339,54,415,55,460
20.021961,54,175,54,185,53,461,54,167,54,349,53,276,54,232,53,166,54,285,53,358,54,554,55,491,53,418,53,372,54,403,54,467
20.271272,53,183,53,222,53,450,53,152,54,359,54,305,54,243,54,148,55,289,53,396,54,561,54,431,54,354,53,354,53,404,54,395
20.520583,54,184,54,238,54,407,53,156,54,324,53,285,53,252,55,165,54,309,54,410,53,573,55,403,55,366,54,314,54,454,56,391
20.769895,53,224,54,224,53,477,53,159,54,255,54,290,53,221,53,183,53,273,53,433,54,541,55,521,54,410,54,363,54,432,54,373
21.019206,53,204,54,230,53,553,53,232,55,312,55,323,55,254,54,204,55,227,54,339,53,575,54,489,54,414,53,355,54,404,54,373
21.268518,54,243,54,202,54,557,53,181,53,283,54,262,53,233,55,198,54,242,53,354,54,534,54,478,54,393,53,316,55,406,53,352
21.517829,54,210,54,193,54,570,53,193,54,328,54,260,53,253,55,206,54,258,54,313,54,563,55,481,54,387,54,346,55,459,54,417
21.767140,54,239,53,209,53,499,54,138,53,345,55,295,55,246,56,187,54,241,54,401,54,547,55,468,53,399,55,371,53,402,55,328
22.016452,53,191,55,218,52,518,53,179,55,374,55,332,54,279,55,178,54,244,54,397,55,641,56,435,54,343,54,313,54,439,55,344
22.265763,54,203,54,232,55,465,53,158,54,284,54,350,53,241,55,190,55,271,53,438,54,589,55,456,54,406,54,339,54,424,54,392
22.515075,54,165,55,220,53,465,53,122,54,321,54,336,54,252,54,208,54,291,54,414,53,572,55,513,54,395,54,348,54,491,54,403
22.764386,53,219,53,221,53,537,52,188,53,298,55,310,53,257,55,172,53,261,53,380,54,639,55,446,54,429,54,359,52,423,54,440
23.013698,53,208,54,233,53,546,53,165,54,324,53,327,53,286,54,184,55,256,54,321,54,598,54,467,53,374,54,362,54,498,54,414
23.263009,54,138,55,182,54,454,53,196,54,340,54,350,53,293,54,167,55,280,54,360,54,563,54,472,54,398,55,346,54,470,54,441
23.512320,53,142,53,240,53,495,53,174,54,316,54,287,54,270,54,196,55,286,54,377,54,570,55,453,54,408,54,338,54,420,55,454
23.761632,53,161,52,215,54,473,53,191,54,332,54,266,54,268,55,182,54,248,53,402,54,572,55,499,54,415,54,349,53,424,54,601
24.010943,54,142,54,162,54,509,54,162,55,338,53,330,54,258,55,206,54,252,54,393,54,555,55,477,54,350,54,356,53,441,54,525
24.260255,54,215,54,223,52,451,52,195,53,315,54,359,54,256,55,178,54,305,54,403,54,583,54,529,54,423,53,335,53,470,54,504
24.509566,54,149,53,212,54,502,53,158,54,364,54,345,53,237,55,170,54,278,54,398,54,597,55,448,54,413,55,354,53,371,55,503
24.758877,53,184,54,217,52,480,53,167,53,324,55,317,54,234,55,207,55,270,54,360,54,588,55,472,54,463,55,322,55,411,54,519
25.008189,54,156,54,192,53,501,55,203,55,332,54,284,54,257,55,174,55,259,55,423,54,558,55,434,54,384,54,367,53,460,54,464
25.257500,54,175,54,208,53,505,54,147,54,310,54,339,54,258,55,182,54,285,54,370,54,541,54,423,53,430,54,282,53,432,54,400
25.506812,54,223,55,262,53,485,52,190,55,306,54,326,54,269,53,164,55,255,55,390,54,579,54,485,54,358,54,296,54,410,54,399
25.756123,54,202,53,222,53,541,53,208,53,299,54,321,54,242,55,228,53,276,54,392,54,653,54,442,54,394,54,334,53,479,54,403
26.005434,54,168,54,210,54,475,54,164,54,352,55,322,54,271,54,391,56,269,54,418,55,581,55,520,53,386,54,404,55,448,54,382
26.254746,54,210,54,241,54,609,53,158,54,312,54,320,54,216,55,407,55,286,55,351,54,558,55,523,54,395,55,368,54,447,54,413
26.504057,53,246,54,243,53,561,53,171,54,281,54,291,53,272,54,386,54,317,54,398,53,603,54,516,54,393,54,389,54,438,55,419
26.753369,54,156,53,212,53,484,52,198,54,311,54,308,54,287,54,302,54,346,53,348,54,555,53,490,54,386,54,400,53,484,55,382
27.002680,53,208,54,205,54,494,53,191,54,354,55,290,54,238,54,312,54,289,55,352,54,560,55,439,54,375,54,355,53,406,54,364
27.251991,54,220,54,236,54,463,53,153,54,326,54,312,54,267,55,258,54,326,54,382,54,555,55,482,54,397,53,385,54,473,54,337
27.501303,53,157,53,239,54,429,53,190,53,296,53,336,54,296,55,234,55,279,53,368,54,587,54,472,54,381,54,392,53,397,54,346
27.750614,54,213,53,250,53,487,52,169,54,325,53,343,55,249,55,235,54,262,54,398,53,616,55,457,53,385,54,338,54,459,54,463
27.999926,54,151,54,182,53,495,53,194,54,293,54,296,55,257,55,221,55,281,54,382,54,597,54,481,54,398,54,334,53,413,54,460
28.249237,53,203,54,226,54,532,53,160,54,367,54,289,54,288,55,273,54,244,54,394,54,592,54,487,54,434,53,330,53,357,54,459
28.498548,53,240,54,216,54,504,53,166,54,344,54,341,53,280,53,247,53,259,53,404,54,600,54,457,55,383,53,389,54,419,54,460
28.747860,54,223,54,204,54,519,52,212,54,324,53,326,54,253,55,214,54,290,54,362,53,591,55,489,55,369,55,377,52,410,54,441
28.997171,53,176,54,184,55,490,53,159,55,266,55,283,54,256,54,213,54,270,53,354,55,574,55,467,54,441,53,342,52,449,54,387
29.246483,54,144,55,234,54,443,53,170,54,291,54,320,54,250,54,201,54,260,54,352,54,558,54,493,53,369,53,352,54,455,54,412
29.495794,54,190,54,191,54,455,52,202,53,325,54,340,54,274,55,203,53,294,54,396,54,623,54,472,53,406,55,388,53,444,55,431
29.745106,54,151,54,174,55,461,53,167,54,327,53,326,54,262,55,176,55,247,54,398,54,557,55,518,54,371,54,368,54,378,53,371
29.994417,54,188,54,223,53,498,53,189,54,287,54,315,53,267,54,181,55,308,54,397,54,549,55,542,54,429,53,345,53,356,53,381
30.243728,53,209,54,241,54,454,54,218,54,359,54,325,53,256,55,192,54,257,55,349,55,561,55,518,53,389,54,321,54,403,54,335
30.493040,53,152,53,240,54,513,54,181,54,303,53,298,54,242,53,189,54,249,53,372,54,582,54,496,53,418,53,368,54,478,55,345
30.742351,54,154,54,213,54,428,53,161,53,318,54,314,54,266,54,188,53,248,53,399,54,543,55,449,55,331,53,326,53,372,53,354
30.991663,53,149,53,207,53,481,53,189,54,311,54,284,55,259,55,183,54,297,53,389,54,636,54,497,54,368,54,332,55,466,54,362
31.240974,53,187,54,269,55,473,52,145,54,373,54,278,54,243,54,253,54,284,53,389,53,590,54,506,53,434,54,368,53,459,54,323
31.490285,53,201,54,226,52,514,53,169,55,321,54,271,54,242,55,236,54,254,53,379,54,571,54,478,54,438,54,335,53,382,55,307
31.739597,53,193,53,247,53,479,53,197,54,316,55,331,54,260,55,180,53,292,53,362,54,561,55,447,53,421,55,359,54,389,55,325
31.988908,54,233,53,225,53,421,52,145,55,289,54,297,53,266,55,172,53,289,53,383,54,603,55,501,54,400,54,377,52,368,54,313
32.238220,54,210,55,244,54,437,54,195,55,336,55,313,53,259,53,203,55,279,54,395,53,637,55,468,55,398,54,338,55,471,54,350
32.487531,54,242,53,228,53,494,53,203,53,303,55,301,53,276,55,179,54,289,54,374,54,559,54,488,54,416,54,330,54,427,54,279
32.736842,53,167,53,243,54,502,53,164,53,264,54,322,54,224,54,186,54,303,53,449,54,573,54,448,54,434,53,350,54,439,54,346
32.986154,53,180,54,204,53,464,53,178,55,321,53,346,54,256,55,156,54,245,54,417,55,520,55,453,54,372,54,375,53,456,55,353
33.235465,54,201,54,210,54,565,53,163,54,340,54,302,54,267,55,190,55,296,54,384,54,636,54,491,53,404,54,352,54,412,54,318
33.484777,53,184,52,209,53,527,52,161,53,329,54,359,54,253,54,167,54,265,54,440,53,626,53,441,54,437,54,312,54,394,55,355
33.734088,54,172,54,223,54,462,53,240,55,269,54,348,54,255,56,177,54,267,53,389,54,659,55,378,55,380,54,348,53,405,54,305
33.983399,54,224,54,196,53,523,53,158,55,350,54,343,54,266,55,177,54,297,54,394,54,584,55,490,54,435,53,372,54,419,54,315
34.232711,54,207,55,214,54,505,53,212,55,323,54,283,54,255,54,223,54,307,54,401,54,607,54,488,53,324,54,380,54,395,54,370
34.482022,54,181,55,248,54,447,53,212,55,265,53,329,54,279,54,185,54,252,53,331,54,638,54,487,54,430,54,343,54,412,55,362
34.731334,53,205,53,229,54,505,53,184,53,309,53,341,53,283,56,169,53,284,54,368,54,603,55,451,54,408,54,329,54,438,54,303
34.980645,53,177,54,203,54,507,52,185,54,303,54,332,54,240,55,216,55,315,54,420,55,587,54,478,53,424,53,342,53,478,54,334
35.229956,54,177,54,224,55,487,52,186,54,329,54,278,54,250,55,199,54,275,54,375,53,584,55,495,53,453,54,350,53,441,54,332
35.479268,54,180,53,176,54,462,53,194,55,286,53,343,54,254,55,188,55,259,54,411,54,556,55,437,54,388,53,369,53,440,54,384
35.728579,52,205,53,232,53,472,52,157,54,353,54,302,54,266,54,179,54,328,53,366,54,517,54,518,54,395,54,376,53,401,54,354
35.977891,53,179,54,187,53,508,53,160,53,344,55,315,55,296,55,220,55,286,53,418,55,581,55,504,53,403,54,317,54,474,54,340
36.227202,55,222,54,206,55,451,53,161,55,371,54,303,54,234,55,221,55,253,54,383,54,535,55,548,54,397,54,300,54,354,55,456
36.476514,53,180,55,260,55,483,53,112,55,352,54,343,54,234,54,186,55,259,55,359,54,600,54,469,54,401,53,355,55,379,55,383
36.725825,54,249,53,274,54,549,53,202,54,355,54,313,54,249,56,203,54,254,54,375,53,596,55,456,54,417,53,338,53,400,54,359
36.975136,53,249,53,247,54,508,52,166,53,289,55,329,54,291,55,176,54,335,54,462,55,641,55,445,54,409,53,393,53,379,54,353
37.224448,54,250,54,229,54,523,53,206,55,292,54,275,54,262,55,188,55,243,54,425,54,566,54,433,54,400,53,346,53,450,54,363
37.473759,55,262,54,257,53,478,53,192,54,278,55,316,54,217,55,213,54,266,55,390,54,588,55,444,53,382,53,348,53,478,54,393
37.723071,53,210,55,235,53,512,52,192,53,299,54,277,54,246,55,204,54,293,54,354,54,601,55,493,54,381,55,352,52,404,55,401
37.972382,53,231,54,201,54,511,53,166,55,342,55,350,53,253,54,183,54,285,54,382,54,535,54,472,54,389,54,346,54,391,54,416
38.221693,53,221,54,212,52,518,53,206,54,358,54,318,54,286,54,223,54,269,54,395,53,587,54,437,54,420,53,328,55,468,54,366
38.471005,54,185,54,188,54,445,52,186,53,326,54,303,55,289,54,207,55,253,53,395,53,623,54,543,54,365,54,371,53,384,54,388
38.720316,54,157,54,219,53,495,53,165,53,294,54,323,54,299,55,182,54,280,53,320,54,583,55,475,54,404,55,364,53,410,55,370
38.969628,55,184,54,232,53,493,54,180,54,331,55,280,54,295,54,182,54,320,54,379,55,576,54,532,54,363,54,330,53,425,54,418
39.218939,54,226,53,201,53,504,53,144,54,304,54,250,54,262,54,206,55,264,54,401,54,569,54,484,53,360,54,351,55,432,54,374
39.468250,55,187,53,219,53,500,53,221,53,310,54,272,54,272,54,163,54,274,53,389,54,601,54,492,53,404,54,358,54,366,54,441
39.717562,53,213,54,218,54,462,53,216,54,273,54,284,53,251,55,180,54,287,55,414,54,638,55,505,54,343,54,341,53,400,53,404
39.966873,53,169,53,198,53,428,53,204,53,328,55,314,54,244,55,159,53,320,53,409,54,568,54,503,54,375,54,350,54,455,54,386
40.216185,53,175,52,252,53,601,53,164,53,321,54,265,53,234,54,168,55,219,54,430,54,554,54,444,54,381,55,335,55,482,54,384
40.465496,54,200,54,230,54,451,54,184,54,355,54,290,53,257,54,204,54,297,53,344,53,595,55,463,53,361,54,318,54,360,54,416
40.714807,54,223,53,201,53,416,53,179,53,264,53,274,54,247,55,129,54,280,54,378,54,592,55,501,53,425,54,364,53,415,54,393
40.964119,53,179,54,186,53,406,52,155,53,287,54,303,54,255,53,175,54,298,53,363,53,509,54,518,55,414,54,271,54,433,54,356
41.213430,53,204,54,194,54,474,54,154,55,307,54,270,53,250,54,169,54,283,55,397,53,602,54,490,53,401,53,366,54,405,54,383
41.462742,53,172,54,202,54,448,53,152,54,313,54,284,54,261,54,171,55,286,54,358,54,612,53,502,53,407,53,362,53,412,54,444
41.712053,54,183,53,201,53,534,53,162,54,348,54,310,53,244,55,179,54,298,53,428,53,585,54,467,54,372,54,342,53,437,55,395
41.961365,54,207,54,213,54,485,53,173,54,247,54,341,54,251,56,196,54,212,54,416,54,629,55,535,53,392,54,351,53,449,53,380
42.210676,53,188,54,186,53,515,54,201,55,303,55,302,54,298,55,177,55,263,54,405,55,602,54,505,54,388,54,286,53,465,54,321
42.459987,54,186,54,237,53,531,52,183,53,264,54,273,54,284,54,200,54,272,54,387,54,622,55,512,54,386,54,344,53,450,53,365
42.709299,54,174,54,202,54,468,53,170,55,226,53,276,53,261,54,196,54,277,54,381,54,558,55,520,54,406,55,348,54,370,54,308
42.958610,53,183,53,267,53,493,52,183,53,335,54,339,55,296,55,237,54,321,54,359,54,611,55,465,53,423,54,332,53,534,55,296
43.207922,53,204,54,215,53,490,53,166,54,322,55,312,54,265,54,257,55,308,53,348,54,574,55,467,53,397,54,341,55,396,54,332
43.457233,54,239,54,184,54,505,54,208,53,270,54,292,54,218,55,254,55,242,54,372,53,583,55,455,54,361,54,334,53,379,54,312
43.706544,53,179,53,206,55,549,53,168,54,284,54,310,54,250,54,218,55,271,54,387,54,549,54,444,55,378,53,296,53,407,55,334
43.955856,53,142,53,176,53,513,53,170,55,284,55,336,55,262,55,185,54,236,54,407,54,544,54,462,53,380,54,350,54,453,54,339
44.205167,54,183,53,263,54,425,53,180,54,290,54,344,54,248,54,193,54,269,54,336,53,554,55,458,53,367,54,368,53,356,54,319
44.454479,54,232,55,217,54,509,53,178,55,303,53,338,54,290,53,177,54,298,53,361,54,599,54,547,54,425,54,340,54,417,54,310
44.703790,53,252,54,171,53,490,54,201,53,301,54,296,53,252,55,212,54,299,53,469,54,548,55,425,54,413,54,340,54,413,55,350
44.953101,52,197,54,183,52,509,53,191,55,328,54,290,55,257,54,211,54,296,53,424,54,578,55,460,53,445,54,314,53,483,55,333
45.202413,54,168,54,230,53,503,54,188,55,273,53,318,54,304,55,186,54,240,54,413,53,551,54,471,55,400,54,322,53,403,54,369
45.451724,54,176,53,210,53,506,52,213,54,306,54,311,54,260,55,191,54,300,53,378,53,522,54,520,53,368,54,356,53,423,54,393
45.701036,53,174,54,179,55,418,53,170,55,296,53,356,54,256,54,171,54,256,53,357,54,543,55,479,54,378,54,357,54,471,55,436
45.950347,54,226,54,165,53,488,53,136,54,280,53,355,55,262,55,180,54,265,54,338,53,526,54,464,54,404,53,317,53,445,55,459
46.199658,53,189,54,197,53,467,53,201,54,319,55,315,54,245,55,196,54,252,55,354,54,520,55,445,54,403,54,348,54,429,53,442
46.448970,54,223,54,193,54,502,53,160,54,330,54,310,53,277,54,218,54,280,54,394,55,604,54,451,53,366,54,317,54,339,54,456
46.698281,54,158,53,274,53,452,53,137,54,371,54,310,54,256,54,220,54,298,54,391,53,599,54,556,55,353,55,329,54,375,55,372
46.947593,53,217,53,195,54,450,53,162,54,309,54,318,54,262,56,185,53,256,53,374,55,503,55,510,54,411,55,359,54,453,54,378
47.196904,53,185,54,207,53,534,53,144,55,311,55,302,54,258,54,174,56,270,53,349,54,588,54,482,54,390,53,340,55,387,55,320
47.446215,54,152,54,206,55,497,53,144,54,303,54,316,53,272,55,165,54,263,54,374,54,591,54,463,53,380,54,316,53,490,54,446
47.695527,54,184,55,213,54,497,55,186,55,292,53,353,53,272,55,179,54,284,54,413,54,601,55,461,54,396,55,397,54,393,54,447
47.944838,54,218,54,227,53,487,53,244,54,373,54,297,54,252,54,158,55,267,55,417,54,625,54,485,53,405,53,343,54,462,54,461
48.194150,53,183,53,228,53,454,52,199,53,350,53,307,54,237,55,177,54,273,53,368,54,601,54,480,53,395,53,311,54,422,54,396
48.443461,54,183,53,227,53,504,54,186,54,365,53,349,54,257,55,161,55,244,55,355,54,597,53,496,54,412,54,347,55,413,54,467
48.692773,54,187,54,176,53,452,53,178,55,297,55,326,53,239,53,167,53,265,53,378,54,563,54,494,54,372,54,325,54,356,54,492
48.942084,54,183,54,231,54,501,52,196,53,394,54,340,55,238,55,174,55,283,54,383,53,616,56,464,54,394,55,368,52,433,54,448
49.191395,53,191,54,198,53,500,53,159,54,306,54,293,54,253,54,182,54,290,53,338,53,604,54,425,56,393,55,340,55,423,53,462
49.440707,54,226,53,237,53,446,54,145,54,347,54,299,53,242,54,183,55,268,55,379,55,584,55,440,54,373,53,331,53,445,54,417
49.690018,53,189,54,155,53,521,53,140,54,341,54,320,53,271,54,149,54,266,53,431,54,555,55,492,55,400,54,297,53,397,55,422
49.939330,54,193,53,222,54,519,53,153,54,301,53,302,54,271,55,182,55,262,54,414,53,559,55,496,54,415,54,380,53,386,54,374
50.188641,54,187,54,233,53,497,53,208,53,287,54,331,53,260,55,196,54,278,54,390,54,564,55,494,54,367,54,335,54,432,54,344
50.437952,54,203,55,196,54,515,54,170,54,326,54,354,55,264,53,169,56,269,54,397,55,540,54,477,53,335,53,291,53,387,54,378
50.687264,54,135,54,212,53,488,53,209,54,336,54,355,54,271,54,163,54,245,54,361,54,676,54,473,54,379,54,309,53,486,55,334
50.936575,53,207,53,218,53,528,53,158,54,307,54,318,54,295,55,171,55,261,53,478,54,617,54,416,53,390,54,321,53,456,54,343
51.185887,54,205,54,234,53,593,53,184,54,325,55,368,54,261,54,157,55,243,53,447,54,628,55,436,54,357,54,325,53,449,53,320
51.435198,53,198,54,191,52,521,54,225,54,336,54,342,54,266,55,186,55,250,54,416,54,610,54,463,53,343,54,370,54,390,54,376
51.684509,54,207,54,234,53,523,54,218,54,273,53,287,53,253,55,174,55,263,54,384,53,537,54,487,55,386,54,324,53,408,54,388
51.933821,54,205,53,209,53,500,54,221,54,333,54,312,54,243,54,145,54,320,54,366,54,560,54,487,55,404,53,299,53,368,55,439
52.183132,53,158,52,182,53,556,52,195,54,253,54,364,54,295,55,210,54,229,53,443,53,608,54,438,53,453,53,338,53,399,54,442
52.432444,54,236,54,186,55,536,54,172,54,313,54,313,53,254,55,195,55,309,54,389,54,559,55,485,54,363,53,364,54,426,53,456
52.681755,55,188,56,226,54,510,54,172,54,300,54,337,53,236,54,147,55,257,55,438,54,623,55,479,55,402,53,313,54,522,54,437
52.931066,54,147,54,209,53,411,52,157,54,328,54,284,54,255,55,180,55,267,53,382,54,538,54,475,54,396,53,364,55,420,55,498
53.180378,54,189,53,183,54,483,52,204,54,270,54,299,54,251,56,200,53,285,54,414,53,518,55,535,54,402,53,371,53,449,55,416
53.429689,55,223,54,225,54,473,53,169,54,313,54,353,54,262,53,182,54,265,53,367,54,569,54,429,54,356,54,347,54,427,54,437
53.679001,54,209,54,245,53,484,52,136,54,342,54,319,54,260,54,156,54,268,54,386,54,597,54,470,54,426,53,341,54,461,53,395
53.928312,53,206,54,222,53,523,53,177,54,316,54,343,54,250,55,184,54,268,54,360,53,529,54,482,54,384,53,364,54,375,55,440
54.177623,54,200,54,194,53,443,53,169,54,320,54,299,54,262,55,171,53,264,53,362,54,639,54,453,54,414,54,369,53,411,54,401
54.426935,54,159,55,205,53,470,53,162,54,302,54,311,54,244,54,204,54,269,54,357,54,532,54,450,53,458,54,366,54,381,54,411
54.676246,53,212,55,197,55,483,54,186,55,305,54,300,54,291,55,203,54,280,55,340,54,567,54,480,54,364,54,348,54,378,53,387
54.925558,54,235,54,198,53,499,52,185,54,272,54,317,54,309,55,206,54,319,54,354,54,602,54,468,55,400,54,359,54,406,54,450
55.174869,53,191,54,281,54,490,53,175,54,286,54,315,54,248,54,180,54,325,53,364,55,563,55,480,54,405,53,290,53,455,54,390
55.424181,54,315,54,320,55,454,53,171,54,312,54,301,54,249,55,186,53,291,55,403,55,586,54,452,54,389,54,383,54,441,54,352
55.673492,55,285,54,326,54,473,54,172,55,273,54,303,54,254,55,169,54,289,54,410,54,625,54,514,54,380,54,323,54,375,53,308
55.922803,54,280,54,286,53,484,53,215,54,313,54,298,54,266,54,211,54,288,54,399,54,563,55,480,55,379,54,286,53,405,54,333
56.172115,54,216,53,264,55,445,53,184,54,311,55,333,54,304,54,203,55,313,54,400,55,592,54,451,53,387,53,348,54,360,54,372
56.421426,54,209,54,219,54,508,53,150,54,275,55,304,54,269,55,177,54,266,53,376,54,566,55,429,54,369,54,344,54,421,54,372
56.670738,54,179,54,174,53,462,53,169,54,285,54,304,54,291,54,196,54,317,54,357,54,537,55,460,53,413,54,328,54,452,54,387
56.920049,54,196,54,230,53,525,53,175,55,288,53,287,53,258,55,172,54,239,54,417,55,595,56,449,54,403,54,383,54,498,55,445
57.169360,54,175,54,227,55,487,53,152,54,333,54,296,55,259,54,207,53,308,54,401,55,534,55,466,54,376,54,392,53,434,54,440
57.418672,54,224,54,237,52,577,55,173,55,315,55,321,54,274,56,219,54,289,54,382,54,565,55,508,54,403,55,332,54,395,54,351
57.667983,54,173,54,234,53,486,53,196,55,283,54,291,54,266,54,174,54,286,54,400,54,528,55,470,54,323,53,367,53,426,54,389
57.917295,53,182,54,191,53,522,53,160,53,302,54,300,54,285,56,172,54,298,54,402,54,606,56,403,54,397,54,368,54,483,54,405
58.166606,54,165,55,257,53,492,53,179,54,271,55,316,55,292,54,148,54,310,54,366,54,551,54,438,54,400,55,359,54,418,54,370
58.415917,54,226,53,227,53,423,54,145,55,350,54,307,54,305,54,169,54,289,54,391,54,548,54,451,55,401,53,308,53,422,54,369
58.665229,55,216,54,217,53,467,53,213,54,310,53,287,54,276,54,197,55,250,54,409,53,529,54,490,53,369,54,363,53,389,54,380
58.914540,53,191,54,258,54,535,53,178,54,332,53,304,54,277,56,196,54,266,53,395,54,505,55,478,55,361,54,346,53,402,54,415
59.163852,53,203,54,195,53,541,53,184,54,314,54,250,54,287,54,164,54,242,53,434,54,558,53,453,53,366,55,339,54,402,54,379
59.413163,53,201,55,179,54,502,53,159,54,278,54,317,54,296,55,201,56,261,55,394,54,594,55,506,54,367,54,342,54,438,53,397
59.662474,55,202,54,232,55,471,53,173,54,291,54,321,54,254,54,176,54,269,53,383,54,553,54,458,54,411,54,357,54,401,54,368
59.911786,53,169,53,211,54,486,53,177,55,249,54,371,54,291,54,212,55,248,54,378,54,541,54,446,53,411,54,361,53,405,55,372
60.161097,52,170,54,237,53,446,53,153,54,276,54,281,55,265,55,175,53,281,53,378,54,582,54,491,54,441,54,347,55,422,55,403
60.410409,54,202,55,200,53,512,53,180,55,297,54,286,54,243,55,167,53,345,53,388,53,512,54,440,54,398,53,373,54,446,54,377
60.659720,53,192,54,190,53,577,53,172,54,329,54,291,54,262,54,215,54,268,54,389,53,519,54,513,54,339,54,329,54,417,53,383
60.909032,54,212,54,216,53,434,53,145,55,303,54,308,54,275,54,176,54,290,54,421,53,503,55,465,54,394,54,368,53,445,55,356
61.158343,54,159,53,194,54,507,53,163,53,298,55,330,55,284,56,165,54,282,53,372,54,602,54,456,54,378,54,349,54,445,54,341
61.407654,53,183,55,219,54,455,53,202,55,341,54,287,54,293,54,220,55,226,55,372,54,584,55,518,54,386,53,343,53,401,54,347
61.656966,54,225,55,192,55,460,53,179,54,316,55,314,54,317,54,202,55,274,54,387,54,502,55,509,53,379,54,359,54,417,55,439
61.906277,55,211,54,231,53,533,53,163,54,308,55,292,54,293,56,181,55,244,54,418,54,547,54,433,53,375,54,359,53,374,54,442
62.155589,54,182,53,241,55,591,52,185,53,343,54,298,54,248,55,217,54,286,53,407,53,540,55,475,54,353,54,354,53,433,54,390
62.404900,54,199,54,241,53,511,53,182,55,293,54,279,54,292,54,186,55,254,53,376,54,512,55,450,54,420,54,302,54,433,53,408
62.654211,53,195,54,199,53,469,53,142,55,338,54,301,54,218,55,196,55,268,55,388,54,526,54,450,53,396,54,367,53,368,54,458
62.903523,54,170,54,234,53,498,53,178,54,306,53,330,54,270,54,192,55,240,54,384,53,622,56,457,55,398,55,344,52,439,54,348
63.152834,54,164,54,201,54,487,52,191,54,320,55,298,54,299,55,195,54,255,54,387,54,517,55,475,54,404,54,322,53,432,55,326
63.402146,53,217,54,194,53,493,54,196,54,350,54,351,54,255,54,173,55,356,54,405,54,552,54,471,54,389,54,357,54,412,54,350
63.651457,54,189,54,211,53,427,52,172,54,336,54,319,54,258,55,176,54,238,53,421,54,565,55,429,54,345,54,379,53,407,53,314
63.900768,54,201,54,199,54,522,53,151,55,348,54,304,53,279,55,177,55,239,53,398,53,605,55,502,55,423,55,325,53,445,54,396
64.150080,54,198,55,212,52,462,53,179,53,343,54,317,54,243,55,198,54,316,53,403,54,581,54,417,54,383,53,377,53,424,54,403
64.399391,53,245,53,198,53,499,52,144,54,326,53,311,54,287,55,231,54,291,55,387,54,569,55,507,54,391,54,324,54,421,54,396
64.648703,55,142,54,217,54,478,53,178,55,330,53,305,54,271,54,204,54,310,53,397,54,536,55,524,55,409,54,357,53,484,54,351
64.898014,53,262,54,186,52,528,52,216,54,303,54,322,54,283,55,233,54,282,54,355,53,526,54,440,54,356,55,372,53,394,53,430
65.147325,53,188,54,218,54,489,52,153,54,294,54,322,55,268,55,179,54,276,54,380,54,576,55,469,54,360,54,400,53,443,54,419
65.396637,54,179,53,201,53,479,54,172,53,323,55,294,54,264,55,177,55,299,53,353,54,534,55,415,54,403,54,339,54,421,54,417
65.645948,55,207,54,197,53,437,54,157,54,335,55,301,53,293,55,199,56,219,54,388,53,521,54,529,53,439,53,301,53,353,54,385
65.895260,54,212,54,192,55,548,53,162,53,321,54,280,54,282,54,187,55,324,53,374,54,522,55,501,54,418,55,372,54,387,54,320
66.144571,54,175,54,254,53,470,53,213,54,309,54,336,54,272,54,190,54,271,54,413,53,572,54,500,54,416,54,343,53,440,54,289
66.393882,54,199,54,190,53,489,53,168,55,308,54,320,54,299,54,190,54,294,54,326,54,574,54,480,53,396,53,346,55,436,54,426
66.643194,167,223,187,188,164,540,184,172,187,292,197,302,199,260,203,164,189,313,190,350,198,616,202,488,202,418,201,349,191,362,53,358
66.892505,202,213,203,170,203,465,202,210,201,303,203,298,202,310,203,209,201,287,202,404,202,616,202,473,204,397,203,365,203,407,204,413
67.141817,201,196,204,252,202,451,202,171,204,345,202,301,203,305,203,162,204,277,203,348,203,595,204,515,203,384,202,315,201,403,201,443
67.391128,201,185,203,239,205,490,201,155,202,326,203,346,202,280,204,183,205,265,202,418,202,631,204,472,202,393,202,356,200,452,202,551
67.640440,202,160,203,218,201,590,201,161,205,391,202,361,202,271,202,197,204,285,203,424,203,562,204,441,204,397,201,304,202,465,203,533
67.889751,202,184,203,202,203,542,202,173,202,409,204,331,203,290,204,203,203,340,203,417,203,591,202,477,204,364,203,390,202,436,203,453
68.139062,203,192,203,228,202,541,202,203,203,385,201,324,200,298,203,191,204,315,204,390,203,603,204,535,202,440,203,336,201,398,203,481
68.388374,201,202,203,205,202,523,201,176,203,384,203,378,202,313,205,242,204,242,202,412,203,619,204,583,203,377,204,373,203,459,204,472
68.637685,203,168,203,215,201,503,201,128,204,450,204,398,202,295,206,211,204,325,202,400,205,580,205,466,203,390,203,327,203,415,202,492
68.886997,203,206,202,256,201,457,201,152,203,588,202,413,202,322,204,200,205,275,201,373,201,581,202,462,203,383,204,343,204,359,204,478
69.136308,202,219,204,211,203,441,202,205,201,448,203,386,204,319,204,227,203,287,203,377,203,551,205,454,204,376,202,358,204,439,203,551
69.385619,202,229,203,233,202,425,203,183,204,480,203,408,203,313,205,217,202,333,202,362,203,611,203,513,202,396,203,363,202,387,204,492
69.634931,205,187,204,207,203,553,200,134,204,413,202,436,203,280,204,191,204,254,204,399,204,562,203,475,204,419,203,340,204,405,203,442
69.884242,205,210,202,207,203,540,203,144,203,363,201,338,202,242,204,182,203,250,203,377,203,591,203,470,203,353,203,340,202,405,203,468
70.133554,202,226,202,190,204,478,200,167,203,376,203,413,202,292,203,159,204,300,202,304,202,552,205,464,204,422,205,327,202,399,202,377
70.382865,203,192,204,239,202,463,201,166,204,379,202,405,203,291,203,202,204,256,202,418,204,529,205,523,203,414,203,314,202,426,203,416
70.632176,203,195,203,209,204,540,202,183,203,438,204,352,202,275,203,207,205,316,203,352,203,559,205,447,202,414,203,367,204,483,204,392
70.881488,202,200,202,218,201,508,203,201,201,464,203,378,202,253,203,197,204,317,202,397,201,521,203,472,202,379,202,310,202,479,204,424
71.130799,202,205,203,190,202,506,200,190,205,381,203,354,203,277,203,164,202,313,203,427,202,541,204,487,204,353,204,352,205,431,201,439
71.380111,203,236,202,202,202,490,204,213,202,374,204,393,203,270,204,195,204,282,203,421,203,576,204,468,202,370,203,375,203,397,204,468
71.629422,59,203,55,214,61,455,54,160,55,474,54,400,54,263,55,163,56,295,55,386,55,559,55,435,54,423,53,358,54,364,203,459
71.878733,53,174,53,170,53,474,53,185,54,476,53,382,53,277,54,165,54,266,53,381,53,518,55,548,54,425,54,324,54,377,54,483
72.128045,54,137,54,261,53,516,53,193,54,425,54,374,53,292,55,215,54,245,53,413,54,583,56,520,54,392,55,333,54,401,54,561
72.377356,53,235,54,260,53,500,53,163,53,438,54,393,54,273,54,201,54,298,53,452,54,541,54,470,52,417,53,381,54,461,54,467
72.626668,53,245,53,328,53,431,52,194,53,352,53,369,53,271,54,233,54,317,54,443,53,520,54,578,53,392,53,385,54,443,54,459
72.875979,53,319,55,345,53,537,53,181,54,362,53,331,53,298,54,188,55,369,53,403,53,568,55,433,54,413,53,394,54,386,53,398
73.125290,53,322,53,326,53,504,52,232,53,351,53,344,53,267,53,212,54,348,53,413,54,557,54,478,52,371,53,370,54,396,55,368
73.374602,51,334,51,226,51,568,52,199,53,335,54,257,52,337,53,153,52,302,52,414,53,620,54,472,52,412,52,319,51,442,53,312
73.623913,51,248,53,271,53,494,52,191,53,304,53,317,53,291,53,203,53,329,53,356,53,570,53,428,52,365,52,374,51,470,52,325
73.873225,54,303,54,247,53,471,52,189,52,317,53,285,52,299,53,193,53,300,53,379,53,601,53,425,53,350,53,351,53,373,54,306
74.122536,52,206,51,241,51,459,52,222,52,329,53,305,52,290,53,160,53,348,52,406,52,558,54,528,53,397,53,327,52,442,53,353
74.371848,52,211,52,196,53,506,52,214,52,322,53,310,53,259,54,209,53,325,52,397,53,541,54,495,53,348,53,366,51,394,53,365
74.621159,54,205,53,195,52,485,52,224,54,302,53,348,52,293,54,158,53,260,52,390,53,559,54,465,53,438,53,366,52,472,53,393
74.870470,52,236,53,224,52,482,52,156,53,276,53,278,53,286,53,187,54,372,52,442,53,566,54,433,53,400,53,375,52,404,53,399
75.119782,53,219,53,251,52,451,52,153,52,333,52,280,53,318,55,181,54,299,53,443,52,568,53,469,53,397,53,350,52,436,54,402
75.369093,53,206,53,193,53,465,52,161,53,299,52,283,53,273,54,142,52,310,53,430,53,585,54,486,54,390,52,388,53,426,53,394
75.618405,52,222,53,179,51,538,52,230,52,277,53,249,53,288,54,159,53,259,53,351,52,569,53,442,52,395,52,372,53,362,52,385
75.867716,53,234,53,199,52,524,52,152,53,333,53,299,53,310,54,152,53,336,53,397,53,604,53,541,52,342,52,356,52,352,53,405
76.117027,53,185,53,196,51,492,52,220,53,293,52,330,53,299,54,175,53,290,52,348,52,588,54,462,53,416,53,325,53,363,53,365
76.366339,53,174,53,228,52,548,52,178,52,295,53,287,52,320,53,215,54,277,52,428,53,545,53,503,53,414,53,328,52,397,52,373
76.615650,52,258,53,220,51,533,52,214,52,334,52,294,53,316,53,222,54,257,53,380,54,557,53,469,52,394,53,378,53,436,53,378
76.864962,53,251,52,171,53,587,52,191,53,245,54,249,53,284,53,192,53,274,53,362,53,575,54,421,54,345,52,307,52,418,53,411
77.114273,52,208,53,214,52,545,52,195,53,319,53,247,52,272,53,177,53,322,52,412,52,534,53,454,52,396,52,333,53,429,53,401
77.363584,53,231,52,202,52,545,51,174,53,326,54,320,53,253,54,197,53,298,52,411,53,586,53,458,53,399,52,344,53,341,52,373
77.612896,52,207,53,275,51,513,51,177,53,316,52,329,53,286,53,191,52,309,52,385,53,576,53,518,52,419,53,340,53,420,53,307
77.862207,52,236,53,243,52,519,52,193,54,265,53,268,53,302,54,239,54,294,54,340,52,634,54,436,52,382,52,342,53,455,52,331
78.111519,52,217,53,219,52,483,52,172,53,291,52,293,53,287,54,266,53,333,52,407,52,615,53,490,53,390,52,344,53,460,53,295
78.360830,52,217,52,185,52,455,51,176,52,295,53,338,53,294,54,218,52,317,53,479,53,602,54,509,52,426,53,340,52,433,53,306
78.610141,53,212,53,193,52,532,52,177,53,308,52,338,53,281,54,195,54,310,53,357,53,606,54,517,53,366,53,330,54,392,52,296
78.859453,52,195,53,213,52,509,52,187,53,295,52,327,53,309,53,164,52,292,52,436,53,577,53,434,52,397,52,335,52,442,52,287
79.108764,52,247,52,273,51,544,51,146,53,277,52,264,52,331,54,199,53,251,52,335,52,559,54,500,53,398,53,354,52,407,52,337
79.358076,53,175,52,198,52,483,52,198,53,269,53,315,53,286,54,172,52,343,52,327,52,608,54,456,53,363,53,360,52,393,53,368
79.607387,52,213,53,213,52,560,52,227,53,274,53,324,52,303,53,183,53,235,53,411,53,582,53,401,53,401,52,359,52,358,53,340
79.856698,53,216,53,192,53,448,53,194,53,270,53,300,52,310,54,207,54,279,53,433,53,605,54,491,52,337,52,348,54,415,52,358
80.106010,52,208,52,217,52,479,51,136,53,277,53,294,53,319,53,199,53,321,53,390,52,583,55,492,53,381,53,338,53,427,53,385
80.355321,53,161,52,273,52,491,51,182,52,301,54,311,53,287,52,155,53,270,52,400,52,636,54,497,53,388,53,341,53,400,53,365
80.604633,53,190,52,208,52,505,51,194,52,251,54,290,53,285,54,164,53,295,53,326,53,537,53,464,52,418,53,361,53,441,53,421
80.853944,53,201,54,193,53,531,52,152,53,309,53,261,52,294,54,213,54,335,53,408,52,643,54,477,52,379,52,327,52,403,53,390
81.103256,53,216,52,228,52,516,51,153,53,295,53,269,53,323,52,168,53,284,52,374,53,647,54,450,53,398,54,378,52,368,53,406
81.352567,53,199,52,202,53,455,51,198,52,326,53,286,53,289,54,199,53,264,52,369,53,664,53,492,53,386,52,362,52,386,53,388
81.601878,51,223,54,205,51,507,52,179,54,278,52,306,53,290,54,171,54,321,52,344,53,659,53,471,52,390,53,353,52,390,53,361
81.851190,54,216,52,214,52,533,52,167,53,293,52,282,52,294,53,199,53,310,52,392,52,580,53,483,51,368,53,317,51,413,52,408
82.100501,53,187,53,198,53,479,53,154,53,295,53,250,53,310,53,166,54,268,52,399,52,583,54,448,53,379,53,308,52,444,52,408
82.349813,53,197,52,210,52,559,52,170,53,282,53,264,53,310,54,179,52,297,53,338,52,610,54,477,53,376,53,343,52,448,52,393
82.599124,53,197,53,197,54,506,51,219,52,343,53,355,53,295,54,153,53,289,53,424,53,608,53,499,53,369,53,333,53,373,52,439
82.848435,53,170,53,202,51,481,52,150,54,280,52,315,53,271,52,194,53,235,52,422,53,606,52,439,52,391,52,338,52,394,53,474
83.097747,52,174,53,211,52,572,52,182,53,321,54,326,52,257,53,179,53,312,52,409,53,589,53,530,53,358,53,353,52,484,53,461
83.347058,52,246,53,215,52,625,52,212,52,319,53,293,53,325,53,397,52,304,52,347,52,641,54,463,53,377,53,341,52,429,53,498
83.596370,53,267,52,258,52,521,51,214,53,275,53,300,52,272,52,466,53,293,52,405,53,651,53,462,52,347,51,358,52,404,52,443
83.845681,53,271,52,235,52,449,51,199,52,293,52,293,52,312,54,332,53,340,52,351,52,639,53,474,52,378,52,363,52,426,53,387
84.094992,53,222,52,240,55,568,52,205,52,311,52,286,53,315,53,302,54,349,52,373,53,638,53,452,53,388,53,351,52,450,53,405
84.344304,52,281,52,186,52,569,52,160,53,265,52,295,53,329,53,290,53,311,52,359,53,585,53,513,53,379,53,352,53,407,53,298
84.593615,52,210,52,230,52,452,52,209,52,289,53,264,53,317,54,295,53,343,52,375,53,594,53,487,52,438,52,364,52,372,53,339
84.842927,52,203,52,228,52,432,52,177,53,268,52,276,53,289,54,226,54,275,53,351,53,591,54,433,52,378,52,308,52,384,53,344
85.092238,52,233,54,201,53,546,52,196,53,303,53,276,52,283,53,199,53,296,53,384,52,630,53,476,53,372,53,339,53,460,53,413
85.341549,52,197,52,188,52,479,52,143,53,284,52,297,53,274,54,189,52,310,52,374,52,626,54,458,53,370,54,355,51,469,53,432
85.590861,52,242,52,189,53,459,52,213,52,308,53,345,52,323,53,197,53,325,52,382,53,695,53,469,52,419,52,352,53,414,53,403
85.840172,53,184,53,187,53,457,51,185,54,270,53,287,53,302,53,200,53,305,52,431,52,645,52,448,53,351,52,356,52,349,53,365
86.089484,53,182,52,247,52,480,52,202,52,259,53,286,52,260,53,171,53,272,52,331,53,640,53,482,53,362,53,366,52,378,52,394
86.338795,52,206,52,196,53,420,51,150,52,262,53,308,53,317,54,163,53,307,53,430,52,621,55,487,52,401,52,356,52,345,53,386
86.588107,52,199,52,195,52,502,51,181,51,297,53,303,52,296,54,200,54,231,52,364,52,543,53,485,52,419,53,306,53,343,53,438
86.837418,53,202,53,187,54,461,53,189,54,299,53,327,52,277,54,167,54,286,54,332,53,610,54,507,53,378,53,370,53,411,53,408
87.086729,52,183,52,189,51,426,51,224,53,282,54,297,52,284,53,195,53,249,53,399,53,605,53,421,52,404,52,341,52,390,54,356
87.336041,53,210,52,193,52,479,51,174,53,300,53,275,53,333,54,221,53,279,52,358,52,598,54,445,52,390,53,346,52,437,53,364
87.585352,53,189,53,241,52,522,51,222,53,300,53,269,53,289,54,185,53,254,52,348,53,626,53,437,53,372,53,385,52,442,53,366
87.834664,53,194,53,203,52,511,52,172,53,293,52,270,53,281,53,188,53,302,53,427,54,610,53,473,52,399,52,349,53,368,53,369
88.083975,52,151,52,215,52,482,51,189,53,333,53,307,53,274,53,193,53,321,52,387,53,609,53,500,53,360,53,416,52,475,54,377
88.333286,54,218,52,199,53,469,51,189,52,287,52,241,53,297,53,175,53,282,53,447,53,651,52,434,53,331,53,358,52,435,53,356
88.582598,52,221,51,222,52,459,51,209,52,282,52,294,52,289,53,150,53,366,52,382,53,586,53,492,52,381,53,310,52,373,53,362
88.831909,54,218,52,256,52,485,52,149,52,308,52,293,53,289,53,190,54,320,52,430,53,625,53,455,52,328,52,335,53,428,53,376
89.081221,53,230,53,239,52,428,52,143,52,262,53,321,53,302,54,169,53,333,52,431,53,542,52,496,53,383,53,323,52,399,53,335
89.330532,51,194,52,258,53,450,51,160,52,317,52,272,53,302,53,178,54,280,54,384,52,630,53,518,52,383,53,357,53,419,54,323
89.579843,52,217,52,225,52,469,51,200,52,304,53,289,54,250,54,187,53,271,51,392,53,595,54,512,52,326,53,377,52,420,53,361
89.829155,53,220,52,227,54,472,52,165,52,287,53,273,53,311,53,205,53,264,53,452,53,601,53,474,52,434,52,357,53,420,52,334
90.078466,52,225,52,205,52,594,53,159,53,297,53,286,53,285,53,191,53,248,53,417,53,625,53,433,54,383,52,320,52,402,53,332
90.327778,53,175,53,212,52,549,52,164,53,299,52,284,52,274,53,200,53,249,53,377,52,583,53,496,53,388,53,317,52,417,52,337
90.577089,52,220,52,199,51,507,51,156,52,261,53,289,53,253,54,203,52,286,52,377,52,600,54,507,52,385,52,370,52,460,53,332
90.826400,54,223,53,183,53,541,52,213,53,258,52,294,53,279,53,194,53,261,53,407,53,585,53,499,52,441,53,364,52,340,53,395
91.075712,53,181,53,240,52,492,53,201,53,294,54,254,53,275,53,190,53,276,53,429,53,618,52,451,53,404,53,325,53,418,52,383
91.325023,53,220,52,256,52,563,51,155,53,284,53,311,53,288,54,183,53,291,52,368,52,664,53,464,53,406,52,335,52,403,53,464
91.574335,51,179,52,234,53,491,52,165,53,288,52,305,53,299,54,210,52,282,51,440,53,628,53,467,52,388,53,350,52,425,53,437
91.823646,53,229,52,188,52,491,52,189,53,253,54,302,53,286,53,234,54,281,53,411,54,603,52,451,53,350,53,360,54,406,53,455
92.072957,53,205,52,195,53,494,51,179,52,276,52,286,52,258,53,188,52,317,52,403,53,654,53,451,53,350,53,377,52,411,52,400
92.322269,52,212,52,231,51,422,51,181,53,235,52,307,52,311,54,230,52,306,52,384,53,626,54,500,53,389,54,330,52,359,54,425
92.571580,53,235,51,153,51,508,52,153,52,245,52,261,53,316,53,181,52,266,53,373,53,604,54,504,53,359,52,371,52,373,53,421
92.820892,52,211,53,222,51,496,51,203,52,279,52,311,52,276,53,198,53,321,52,400,53,580,53,451,52,364,52,290,53,406,53,331
93.070203,53,207,53,220,52,480,51,162,52,312,52,298,52,272,53,183,54,275,53,392,52,607,54,470,53,375,52,336,52,395,53,383
93.319515,52,220,52,221,53,478,52,186,53,236,53,276,52,312,53,167,52,272,53,409,52,622,53,459,53,400,53,324,52,403,53,411
93.568826,52,218,52,185,52,448,51,163,52,280,53,281,53,299,53,175,53,282,53,354,53,573,53,463,52,339,52,352,51,405,52,382
93.818137,52,243,53,227,53,510,52,178,54,283,52,284,53,299,54,234,53,294,52,396,52,576,53,473,53,390,52,356,53,373,53,383
94.067449,53,174,53,169,53,497,52,200,53,269,54,297,52,324,53,178,53,285,53,410,53,634,54,506,53,365,52,357,52,388,52,354
94.316760,52,192,52,232,53,484,52,195,52,254,53,321,52,326,54,198,53,337,53,453,52,569,54,458,53,376,53,345,52,435,52,403
94.566072,52,210,52,234,52,490,51,148,52,293,53,281,53,314,55,187,52,270,53,435,53,572,53,509,53,358,53,345,52,415,53,412
94.815383,52,208,53,240,52,496,51,213,54,299,53,295,52,317,54,198,53,228,53,350,53,568,53,468,53,363,53,359,53,318,52,356
95.064694,53,168,53,190,53,444,52,186,53,344,52,277,53,322,53,237,53,282,52,400,52,539,54,484,53,359,52,335,52,448,53,361
95.314006,52,217,52,191,52,501,52,191,53,298,53,304,53,323,55,269,54,297,53,413,53,607,53,444,52,377,52,355,53,408,53,339
95.563317,52,174,52,215,52,526,51,183,52,305,54,272,53,295,53,215,52,281,52,381,53,580,53,509,52,441,53,334,52,469,53,398
95.812629,53,246,54,256,52,563,52,170,53,270,52,276,53,316,53,205,53,241,52,426,52,607,54,484,53,407,52,398,53,385,52,400
96.061940,54,224,52,231,51,534,52,175,54,243,52,256,53,362,53,203,52,259,53,401,52,616,54,442,52,369,52,368,52,371,52,364
96.311251,53,176,52,201,53,598,52,173,53,286,52,271,52,312,54,190,53,304,52,375,52,679,54,454,52,396,52,381,52,438,53,418
96.560563,53,233,52,210,52,367,51,205,52,255,53,307,53,334,54,215,53,286,53,312,53,649,55,507,53,414,53,349,51,538,52,361
96.809874,53,211,53,221,52,471,53,183,53,331,52,256,53,277,54,182,54,282,53,379,53,615,53,474,52,404,52,335,52,430,53,301
97.059186,53,234,52,204,53,549,51,196,53,271,53,268,53,323,54,164,53,270,53,443,52,593,53,504,53,382,52,320,51,418,53,378
97.308497,54,206,52,245,53,429,52,180,53,312,52,254,52,311,55,181,52,295,52,377,52,640,54,485,54,352,53,377,52,384,52,431
97.557808,52,195,53,202,52,512,51,165,53,310,53,250,53,267,54,207,52,233,52,431,53,598,54,451,52,353,52,343,53,467,53,415
97.807120,51,223,53,227,52,518,52,196,53,325,53,286,53,309,53,200,53,276,53,406,52,575,54,487,53,361,52,323,53,439,53,375
98.056431,53,233,53,232,52,453,52,155,52,229,53,314,53,344,54,159,53,255,53,420,52,614,54,511,53,414,53,318,53,351,53,364
98.305743,52,209,52,209,51,478,52,174,53,250,52,253,53,297,54,190,53,244,52,407,53,592,54,451,53,406,53,348,53,449,52,397
98.555054,52,235,52,232,52,516,51,163,52,295,53,303,53,277,53,218,53,361,53,406,53,584,53,472,53,385,53,374,54,417,52,339
98.804365,53,221,52,223,52,467,53,163,53,302,53,287,52,272,53,215,53,325,53,377,53,622,54,508,53,357,53,305,52,408,53,381
99.053677,53,177,53,181,53,477,53,184,53,254,52,215,52,275,53,168,54,266,53,405,53,652,54,460,52,413,53,321,53,444,52,365
99.302988,52,179,52,221,51,566,52,205,53,281,53,313,53,274,52,177,53,232,53,347,53,571,53,481,53,361,53,312,52,353,54,416
99.552300,52,216,52,216,52,458,51,180,53,316,52,265,53,280,53,194,52,258,53,403,52,664,53,460,53,419,53,343,52,447,54,412
99.801611,52,219,54,220,53,467,53,156,53,321,53,309,53,286,53,138,54,255,53,355,52,610,53,471,52,346,53,304,52,441,52,321
100.050923,52,210,53,225,52,379,53,163,52,341,53,291,52,323,53,205,53,264,53,390,53,639,53,498,53,392,53,318,53,439,53,364
100.300234,53,198,52,231,55,461,52,195,52,309,53,300,53,281,54,171,52,307,52,354,52,599,54,532,53,410,54,361,52,399,53,349
100.549545,52,174,52,221,53,524,52,175,53,294,54,254,53,329,54,172,53,289,52,356,52,596,54,455,52,370,53,350,53,432,53,402
100.798857,53,229,53,194,52,502,52,200,54,270,54,299,54,294,53,190,54,296,54,393,52,652,54,483,53,390,52,304,52,364,53,415
101.048168,52,186,52,227,53,483,52,139,53,240,54,274,53,324,53,187,52,251,53,452,53,626,54,461,52,437,54,360,52,428,53,359
101.297480,53,235,52,196,53,522,52,195,52,269,52,295,53,321,54,167,53,257,53,367,52,653,53,465,54,391,53,284,53,425,53,360
101.546791,52,166,52,221,53,491,51,155,53,286,52,312,53,308,54,194,54,302,53,402,52,612,54,430,53,405,53,301,52,439,53,318
101.796102,53,182,52,262,53,566,52,194,53,305,53,302,53,308,54,176,54,344,54,419,53,687,53,482,52,379,52,365,52,416,52,355
102.045414,53,220,52,234,53,519,52,186,54,331,53,318,53,310,53,159,52,303,52,367,53,611,53,536,52,374,53,318,52,452,53,337
102.294725,53,165,52,233,53,557,53,194,53,260,53,291,53,293,53,204,53,293,52,386,53,640,54,463,53,390,54,344,52,468,53,360
102.544037,53,209,52,200,52,484,51,215,52,265,53,260,53,309,54,206,53,268,53,419,52,576,54,456,52,421,52,346,53,381,52,351
102.793348,53,192,53,214,53,522,53,161,53,246,52,292,52,302,54,155,53,245,53,426,53,642,54,421,53,390,53,314,53,498,53,335
103.042659,52,215,52,291,53,500,52,199,53,327,53,293,52,295,53,210,54,262,52,375,53,615,53,454,53,359,53,314,52,429,53,330
103.291971,52,222,53,231,52,561,51,192,53,321,53,328,52,308,53,215,53,236,54,385,53,638,53,498,53,389,53,368,53,421,53,337
103.541282,52,230,53,264,53,594,52,182,53,251,52,276,53,310,54,212,52,273,52,415,52,673,54,516,53,406,53,328,52,348,52,371
103.790594,52,234,53,263,52,455,52,240,53,301,53,295,52,326,54,216,54,295,53,357,53,655,53,522,53,373,53,354,54,420,52,275
104.039905,53,227,53,188,52,481,52,189,53,304,53,316,53,312,53,236,53,298,53,353,52,626,53,511,53,392,52,376,53,355,52,279
104.289216,53,243,52,244,52,485,51,214,52,302,52,279,53,313,53,228,52,286,52,385,53,626,54,485,53,451,53,391,52,434,54,322
104.538528,53,185,52,240,52,467,53,189,52,290,52,301,52,298,54,247,53,288,53,390,52,649,54,487,54,415,54,389,53,417,53,347
104.787839,53,196,53,267,52,487,51,194,52,356,53,307,52,301,53,208,54,280,53,431,53,632,52,487,53,356,53,346,53,452,52,358
105.037151,53,233,53,217,51,525,52,178,53,348,52,277,53,264,53,191,53,302,53,422,54,647,53,443,53,400,53,355,53,355,53,359
105.286462,53,233,52,201,52,496,51,151,53,338,53,269,52,312,53,199,52,272,52,360,52,646,54,448,52,405,53,362,52,458,52,335
105.535773,52,215,52,243,52,537,52,149,53,303,52,278,53,321,55,177,53,253,52,355,52,613,53,448,52,367,52,338,52,345,52,377
105.785085,52,229,52,219,52,576,51,137,51,303,52,347,53,292,54,183,53,241,53,413,53,586,53,524,52,391,53,374,52,409,53,389
106.034396,53,170,54,230,54,512,52,191,53,258,53,288,53,308,53,179,54,304,53,366,52,594,54,486,52,346,53,358,53,406,52,329
106.283708,53,243,52,205,52,415,52,169,53,256,52,333,53,289,53,223,53,317,52,406,52,630,53,419,52,418,53,341,52,408,53,353
106.533019,52,201,53,248,52,451,52,194,52,336,52,307,53,283,54,189,53,304,53,350,52,609,54,522,52,392,52,387,51,449,54,352
106.782331,53,247,52,251,52,493,51,208,52,344,53,306,53,318,53,187,53,292,53,414,52,613,54,482,52,422,53,341,52,398,53,384
107.031642,53,241,53,209,53,494,52,174,53,337,53,311,53,303,53,137,54,256,52,361,53,635,54,482,52,404,52,320,52,426,53,429
107.280953,53,248,52,241,53,534,52,165,53,329,53,313,52,275,54,211,53,280,52,396,52,558,52,503,53,397,53,351,52,399,53,443
107.530265,52,211,52,220,53,470,51,152,52,323,52,310,52,289,54,196,53,292,53,381,53,654,54,428,52,359,53,333,51,431,54,340
107.779576,52,278,52,206,52,499,52,182,53,351,54,276,53,335,55,147,52,247,52,349,52,590,53,430,53,371,53,375,52,442,53,426
108.028888,53,195,52,265,53,566,50,191,53,297,53,301,53,314,53,199,54,321,52,424,53,640,53,456,53,408,53,314,51,418,52,321
108.278199,52,207,53,210,52,538,51,218,52,353,53,278,53,289,53,194,52,307,52,424,52,653,53,433,53,392,53,346,53,384,54,353
108.527510,53,229,52,208,53,485,52,167,52,359,52,285,53,303,54,174,53,304,52,385,52,588,54,429,52,393,53,338,51,382,53,389
108.776822,52,237,53,231,51,554,52,182,52,280,53,353,53,306,52,193,52,312,52,421,53,598,54,453,53,378,52,363,53,397,53,353
109.026133,53,194,54,265,52,522,52,176,52,335,53,275,53,334,53,145,53,289,53,418,53,634,53,509,52,395,53,347,53,367,53,377
109.275445,54,221,54,230,53,527,51,160,52,269,53,276,53,290,54,160,53,298,52,340,52,576,53,467,53,389,52,330,52,444,54,393
109.524756,52,221,52,232,53,475,52,195,52,266,52,303,52,303,53,206,52,314,52,422,52,612,53,481,53,406,53,334,52,389,52,294
109.774067,52,199,52,225,51,539,51,140,52,294,53,272,52,298,53,207,53,298,52,324,53,611,53,418,51,420,52,355,53,358,52,359
110.023379,52,213,53,238,51,446,52,156,53,339,54,385,53,299,53,205,53,248,53,397,53,693,53,466,52,361,53,328,53,422,53,361
110.272690,53,244,52,194,52,524,53,183,52,325,54,333,52,302,53,181,53,255,52,406,52,656,52,450,53,400,53,306,53,430,53,423
110.522002,52,189,52,208,51,517,52,183,51,349,53,356,52,342,54,191,53,267,53,388,52,606,54,468,53,414,54,378,53,357,53,357
110.771313,52,177,51,229,51,498,52,192,52,298,53,317,53,315,53,183,53,279,51,390,53,617,53,481,52,392,52,316,52,435,55,362
111.020624,54,181,52,202,54,434,51,191,52,311,53,307,53,307,53,151,53,279,52,360,52,621,54,474,53,406,52,364,53,427,52,360
111.269936,52,173,52,238,51,515,54,161,54,263,52,287,52,328,54,179,54,331,53,389,52,622,53,458,53,414,52,368,53,377,52,338
111.519247,52,226,52,315,52,554,51,188,53,269,53,300,53,301,54,198,54,286,52,411,52,644,53,471,139,357,62,319,53,487,53,310
111.768559,680,298,686,347,673,550,688,156,689,319,694,267,697,292,699,184,692,302,690,440,693,624,700,438,697,381,697,322,687,379,603,356
112.017870,699,270,700,262,699,540,701,180,697,250,701,323,698,319,701,233,699,313,700,388,698,682,701,485,701,433,701,362,697,374,699,311
112.267182,699,280,699,250,698,489,701,180,702,282,698,269,702,300,703,183,700,281,699,372,702,595,699,471,699,391,699,351,702,433,699,287
112.516493,696,231,700,254,701,489,699,206,700,237,702,319,700,343,702,201,699,278,698,417,700,673,706,434,703,381,701,379,703,348,704,272
112.765804,699,222,700,235,696,505,699,173,701,299,700,299,700,341,703,189,700,276,701,361,699,613,701,459,699,382,701,347,699,350,699,273
113.015116,701,230,699,199,700,552,696,185,697,256,699,350,699,356,701,213,702,335,702,412,701,594,701,512,701,350,704,345,701,415,704,347
113.264427,700,226,700,238,702,549,696,150,699,289,704,347,701,311,701,218,703,334,702,427,702,738,705,493,698,374,698,340,703,433,703,296
113.513739,701,275,700,227,699,458,697,182,703,249,702,301,699,316,703,194,703,277,700,392,697,633,703,478,703,412,703,370,700,386,702,291
113.763050,705,228,702,231,707,522,699,220,704,256,700,355,702,320,701,174,703,263,702,359,702,653,704,465,700,375,702,343,703,355,701,250
114.012361,703,189,702,295,697,500,697,173,701,264,701,358,702,324,703,180,700,365,699,352,702,644,702,476,701,406,702,301,699,358,703,239
114.261673,701,183,701,218,700,430,702,239,704,307,700,301,703,329,702,189,702,307,707,398,702,644,705,480,702,432,702,347,703,481,702,304
114.510984,702,237,702,261,704,480,702,159,701,296,702,294,703,315,703,209,703,281,706,402,701,669,704,467,702,388,704,337,701,461,702,327
114.760296,707,219,698,240,706,476,704,188,705,272,704,333,700,338,703,227,702,312,706,348,701,615,704,459,701,384,702,344,704,434,701,292
115.009607,702,259,701,214,702,499,704,210,700,326,704,307,703,326,702,207,698,294,702,437,700,642,704,471,703,329,702,327,704,400,704,304
115.258918,707,253,702,232,702,441,700,179,704,312,704,302,702,345,704,249,701,262,705,382,704,605,703,492,701,389,700,331,703,416,704,289
115.508230,702,184,703,232,700,508,700,158,702,306,699,259,702,373,705,267,704,336,703,455,702,636,704,502,706,382,702,341,703,363,703,307
115.757541,699,237,700,213,705,496,702,176,702,358,701,321,704,310,704,227,703,310,700,381,706,644,702,505,701,427,705,324,702,387,702,335
116.006853,703,165,702,208,705,468,706,157,703,311,701,258,703,306,705,185,705,241,702,397,705,599,704,501,704,356,705,329,699,427,702,254
116.256164,702,222,702,186,705,452,699,182,703,285,706,287,703,359,703,155,703,349,703,402,705,636,703,453,703,392,705,359,704,415,704,268
116.505475,703,177,704,251,701,470,699,231,704,299,703,274,703,290,702,213,705,273,703,422,701,680,703,498,668,358,702,299,701,342,704,312
116.754787,55,233,54,217,54,489,53,197,54,242,54,321,54,320,55,152,54,289,54,480,54,644,54,456,54,361,53,336,54,398,65,241
117.004098,54,200,54,253,52,524,53,178,54,294,53,282,53,299,54,170,54,323,53,389,53,698,54,429,54,385,53,365,53,478,53,287
117.253410,54,188,54,194,54,466,52,205,54,341,52,323,53,327,53,198,53,276,53,400,53,641,54,479,53,411,53,333,53,433,53,280
117.502721,52,207,53,243,53,476,52,186,54,277,53,237,53,338,54,191,54,287,54,355,53,608,54,477,54,419,53,338,52,446,54,312
117.752032,54,237,53,205,53,531,53,205,53,302,53,290,53,335,54,243,54,317,53,391,53,664,54,467,54,417,53,401,54,450,54,344
118.001344,52,300,54,221,52,470,53,171,54,267,52,285,53,306,54,211,54,339,54,407,53,664,54,450,53,387,54,399,53,340,54,356
118.250655,53,215,53,218,52,515,53,183,53,298,53,240,53,326,54,203,53,295,53,363,53,632,54,529,53,445,53,363,53,457,54,327
118.499967,53,246,54,205,53,519,53,149,54,321,53,294,53,314,53,246,53,291,53,385,53,634,55,485,54,402,54,362,53,407,54,298
118.749278,51,271,53,324,53,488,52,164,53,296,54,274,54,296,53,235,53,296,53,343,53,596,54,462,53,448,53,383,54,460,53,296
118.998590,52,263,54,317,53,552,53,157,54,250,54,297,54,327,54,206,54,297,53,415,53,686,53,558,52,414,54,365,53,378,54,235
119.247901,54,216,54,257,53,538,52,172,53,278,52,289,53,322,53,215,52,305,52,358,54,609,54,453,53,393,53,345,53,461,53,252
119.497212,53,268,53,251,53,532,53,178,53,291,53,266,53,324,54,244,55,283,54,373,53,565,54,421,53,393,53,378,53,413,53,298
119.746524,52,231,53,238,53,514,52,157,53,259,54,277,54,322,54,218,53,308,52,385,52,633,54,443,54,398,53,331,53,390,53,274
119.995835,52,218,53,208,53,578,53,218,54,254,54,230,53,309,54,188,54,327,53,359,54,609,54,491,53,379,53,340,54,427,53,285
120.245147,53,189,53,217,53,532,52,213,54,252,53,264,53,304,53,213,54,270,53,407,53,659,54,445,53,381,52,330,53,409,54,293
120.494458,53,175,53,228,54,517,52,158,53,314,54,259,53,346,54,242,54,257,53,391,53,583,54,474,54,436,54,325,52,335,54,295
120.743769,53,208,53,194,53,493,52,163,53,268,53,259,53,304,54,199,53,261,54,471,52,606,54,448,54,415,54,317,54,427,53,312
120.993081,52,174,53,224,54,463,53,193,53,304,53,237,53,303,54,198,55,287,54,428,53,604,54,439,52,355,53,358,55,407,54,312
121.242392,53,244,53,223,54,460,53,196,54,291,53,245,53,310,54,194,54,301,53,338,54,651,54,460,53,391,52,368,52,355,54,287
121.491704,54,201,52,208,53,572,53,191,52,295,52,286,53,300,53,195,53,265,53,389,54,654,54,500,54,363,53,348,53,347,54,358
121.741015,52,202,53,194,53,541,53,185,53,268,53,313,54,297,55,200,53,336,52,423,54,650,55,489,53,367,53,324,52,464,53,344
121.990326,52,193,54,221,52,460,52,177,53,308,53,254,53,296,53,158,55,276,54,343,54,602,54,479,52,424,53,341,54,383,53,318
122.239638,52,186,53,251,52,469,52,197,54,257,53,280,54,314,55,182,52,301,52,455,54,661,54,493,53,383,53,365,53,438,53,333
122.488949,53,198,53,245,52,521,52,179,52,275,54,263,53,301,53,200,54,309,53,412,54,588,54,486,54,410,54,333,53,481,54,288
122.738261,53,192,53,200,52,472,53,198,53,261,54,267,53,315,54,201,53,302,53,380,53,638,54,436,53,412,53,356,53,427,54,293
122.987572,53,181,53,209,53,442,53,191,53,280,54,244,53,319,54,185,53,272,52,420,54,648,54,442,54,339,54,343,54,454,53,286
123.236883,54,195,53,234,52,517,53,181,53,253,53,277,53,298,54,218,55,264,54,396,53,611,55,452,53,407,53,354,54,410,53,298
123.486195,53,168,53,238,53,490,52,206,53,297,53,238,53,328,53,239,53,277,53,395,53,592,54,397,54,397,53,305,53,429,54,288
123.735506,53,210,53,205,53,498,51,207,53,335,52,264,53,322,54,192,52,304,53,415,53,610,54,487,53,409,53,307,52,413,54,305
123.984818,53,197,53,244,54,530,52,197,53,330,53,273,53,291,55,205,53,270,53,359,53,648,54,504,53,383,54,344,54,388,53,342
124.234129,54,210,55,217,54,464,53,174,54,288,53,296,53,286,53,176,54,248,54,385,53,655,54,442,53,397,52,361,53,419,53,391
124.483440,52,193,53,201,51,520,52,166,53,302,53,246,53,292,54,194,53,291,53,366,53,642,54,451,53,362,53,350,53,399,54,395
124.732752,53,257,53,235,53,483,52,179,54,339,53,290,54,300,54,207,52,293,53,355,53,622,54,479,53,441,53,341,52,482,54,385
124.982063,53,260,53,275,52,465,52,184,53,282,53,269,53,308,53,201,53,291,53,423,53,630,54,462,53,422,53,319,54,438,54,319
125.231375,53,242,53,256,54,522,54,195,53,292,53,190,53,320,54,174,54,304,53,372,53,625,54,467,53,391,52,319,52,391,54,360
125.480686,54,222,53,283,53,437,52,182,53,295,53,268,53,365,54,186,53,275,53,400,53,666,53,473,54,387,53,306,52,424,53,342
125.729998,53,191,54,233,53,519,53,198,54,293,53,258,52,298,53,170,53,281,52,405,54,661,54,456,53,415,52,337,51,413,53,359
125.979309,52,276,52,222,52,597,52,173,53,283,54,249,52,296,54,202,53,323,53,355,54,603,55,487,53,389,53,349,52,396,52,368
126.228620,54,313,53,245,54,534,52,190,53,286,53,268,54,304,55,201,53,241,54,397,53,604,54,430,53,432,53,334,51,460,53,326
126.477932,53,275,53,219,53,496,52,187,53,264,52,296,53,336,54,186,54,315,53,385,53,647,53,454,54,442,54,332,51,458,53,322
126.727243,53,229,53,231,53,518,52,178,53,251,54,269,53,304,54,203,54,265,53,391,53,645,55,412,52,364,53,305,53,352,53,255
126.976555,52,231,52,198,53,566,52,206,52,303,53,331,54,340,54,210,53,321,52,448,54,666,54,435,53,397,53,309,53,446,52,284
127.225866,54,262,53,235,53,521,52,206,53,336,53,308,52,304,54,184,54,291,53,372,53,641,54,427,53,383,53,300,53,400,52,335
127.475177,55,251,53,196,52,495,52,152,53,298,53,283,53,306,53,158,53,282,52,426,53,638,54,498,53,404,53,345,53,407,54,328
127.724489,53,239,53,198,53,439,52,156,52,310,54,282,53,312,54,172,54,270,52,431,54,640,54,454,52,336,53,327,52,395,53,334
127.973800,52,171,53,216,53,451,52,164,53,296,53,282,53,312,53,177,53,271,53,382,53,554,54,483,54,380,54,310,52,425,54,340
128.223112,54,216,53,243,53,530,51,211,54,283,54,270,53,313,53,167,55,279,54,411,54,685,54,446,52,371,53,375,54,418,53,359
128.472423,52,235,53,228,52,500,52,201,53,308,52,287,54,306,54,195,52,288,53,367,53,599,52,400,54,377,53,313,51,427,54,436
128.721734,53,210,53,266,52,504,51,173,53,271,53,247,53,324,54,207,53,279,52,393,53,621,54,514,53,368,53,355,52,416,53,354
128.971046,53,276,52,209,52,520,53,174,53,293,53,301,53,306,54,234,53,314,53,350,54,698,54,442,53,407,53,359,53,404,53,354
129.220357,53,279,53,271,53,502,51,164,51,289,53,272,53,303,53,217,53,331,52,381,53,610,54,457,53,411,53,357,52,363,54,398
129.469669,53,240,53,231,52,485,53,184,53,303,52,246,53,306,53,241,53,270,53,391,53,660,54,480,53,314,53,374,52,390,54,339
129.718980,53,246,53,224,53,557,52,172,54,284,53,275,52,304,55,258,53,254,53,414,52,644,55,426,53,357,53,391,53,409,53,311
129.968291,53,236,53,229,53,462,52,184,53,325,54,263,53,302,54,223,53,283,53,347,54,621,54,518,52,358,53,364,53,384,53,288
130.217603,53,200,53,218,53,496,52,190,52,326,53,274,53,310,54,191,53,293,53,425,53,699,54,433,53,405,53,327,54,420,54,297
130.466914,53,177,53,199,53,488,52,184,53,287,53,284,53,323,54,218,53,288,53,376,53,650,54,487,53,391,53,328,53,439,53,422
130.716226,52,199,53,168,52,520,53,188,53,299,53,277,53,307,55,228,54,258,52,363,54,617,54,482,53,407,53,377,53,350,53,473
130.965537,52,212,53,227,52,541,52,193,54,337,54,254,54,306,54,197,53,295,52,352,54,696,55,473,53,374,53,337,52,418,53,427
131.214849,54,216,53,246,54,521,53,175,54,303,54,235,53,313,54,200,54,314,53,399,53,661,54,505,53,375,53,371,54,396,53,364
131.464160,54,258,53,184,53,537,52,220,53,271,53,283,53,337,54,201,53,262,53,341,54,669,54,499,54,373,53,362,52,448,53,506
131.713471,54,252,53,246,52,525,52,198,53,322,53,262,53,317,54,186,54,334,53,344,53,612,53,473,52,423,53,397,52,434,54,411
131.962783,53,242,53,218,54,562,51,180,53,298,53,228,53,305,54,179,53,311,53,412,54,668,55,489,52,365,53,346,51,412,53,435
132.212094,53,199,53,246,53,519,53,158,54,290,53,259,53,329,54,183,53,284,53,383,53,674,54,424,53,440,53,328,53,391,54,397
132.461406,53,222,54,229,53,513,53,227,54,256,53,270,53,292,53,181,54,289,53,388,53,649,53,445,53,414,52,348,53,407,53,315
132.710717,52,187,53,224,53,482,52,209,54,290,52,222,53,314,55,208,53,291,52,380,53,648,54,450,52,422,53,348,53,447,54,384
132.960028,53,218,53,229,53,505,53,163,54,259,53,250,53,292,54,203,54,322,53,424,54,665,54,461,53,354,54,360,52,473,53,367
133.209340,53,214,53,205,53,475,53,200,54,303,54,312,52,318,54,197,53,273,53,371,53,664,54,491,53,371,53,367,52,439,53,386
133.458651,52,204,52,201,53,460,52,177,53,288,53,270,53,330,53,173,53,285,52,424,53,703,53,471,53,370,53,288,52,334,53,373
133.707963,52,233,53,177,52,518,53,174,53,296,52,293,53,306,54,177,52,320,52,369,53,655,54,498,54,381,54,327,52,419,54,386
133.957274,52,231,53,218,53,506,52,171,53,285,54,276,53,304,54,233,54,265,54,346,53,695,54,454,53,359,53,345,53,429,52,381
134.206585,53,191,54,220,52,562,53,165,54,241,53,243,53,330,54,230,53,274,53,382,53,668,54,500,53,410,52,313,53,320,54,385
134.455897,53,230,53,242,53,531,52,178,53,268,54,262,54,320,54,191,54,320,54,395,54,718,54,457,53,393,53,363,53,390,54,391
134.705208,53,183,53,250,53,529,52,187,54,300,52,245,53,289,54,212,54,290,53,364,53,656,54,459,54,420,53,368,53,355,53,416
134.954520,54,221,52,187,53,596,52,179,54,316,53,278,53,281,53,229,54,297,52,394,54,648,53,478,53,329,53,347,52,457,54,411
135.203831,52,225,54,199,52,524,52,216,53,258,54,264,54,305,54,169,54,279,53,386,54,658,53,505,53,380,53,341,52,367,53,428
135.453142,54,221,53,249,51,498,54,194,54,312,52,255,53,329,53,211,53,286,54,433,52,676,54,352,52,374,53,335,53,474,53,491
135.702454,53,234,53,217,52,459,52,198,53,303,54,257,53,288,53,183,54,258,53,420,54,623,54,429,54,401,54,330,53,381,54,418
135.951765,53,231,52,203,52,473,51,173,53,290,54,292,53,295,54,167,53,262,52,400,53,707,54,479,54,374,53,331,53,420,53,416
136.201077,52,177,54,211,52,597,54,200,53,289,53,342,53,309,55,202,54,283,54,406,53,686,55,457,53,413,54,363,53,403,54,414
136.450388,53,180,53,225,53,443,53,181,54,320,53,273,53,295,54,214,53,253,53,359,53,692,54,477,52,410,53,311,54,399,54,394
136.699699,53,246,54,249,54,482,52,217,53,263,53,285,53,295,54,186,55,253,53,431,53,633,55,492,53,402,54,337,53,432,54,421
136.949011,53,235,52,228,53,646,52,193,53,284,54,305,54,316,54,190,53,302,53,374,54,618,54,439,54,364,54,398,53,440,53,445
137.198322,53,235,54,209,52,435,53,168,54,269,53,268,53,330,53,205,54,253,54,353,54,688,54,468,53,385,53,375,52,480,53,457
137.447634,53,199,53,217,52,521,53,162,54,267,54,256,53,330,54,179,54,253,53,380,53,645,53,488,52,390,53,312,53,388,53,400
137.696945,53,243,53,227,52,503,52,159,54,259,53,306,53,328,54,152,53,302,53,389,53,636,54,486,54,403,54,338,53,385,53,338
137.946257,54,204,53,239,52,454,52,172,53,281,53,274,53,334,54,178,54,212,54,395,53,698,54,478,53,411,53,348,53,410,53,337
138.195568,53,229,54,274,52,508,53,178,54,280,54,300,53,304,54,163,55,275,54,381,54,663,53,421,53,413,52,302,54,376,53,314
138.444879,54,256,52,365,53,568,52,222,53,236,53,288,54,324,54,187,54,347,53,370,53,690,54,489,52,424,53,378,53,426,52,288
138.694191,53,241,53,302,54,497,53,196,53,276,52,261,53,310,54,217,54,421,53,398,53,666,55,452,53,385,53,367,52,443,53,326
138.943502,53,313,54,285,52,542,51,216,53,296,54,253,53,312,54,223,53,327,53,387,53,689,54,464,53,360,53,378,53,413,53,300
139.192814,53,289,52,240,52,476,53,189,53,326,53,251,52,309,54,186,54,356,53,377,53,714,53,435,53,379,53,323,53,411,54,366
139.442125,53,281,54,293,53,519,53,167,54,243,53,280,53,321,53,180,54,328,52,363,53,685,53,470,54,375,53,360,54,388,54,352
139.691436,53,224,53,230,54,616,52,221,53,285,52,277,53,342,54,198,54,315,54,442,52,641,54,475,54,350,54,349,53,372,53,379
139.940748,52,239,53,270,53,572,52,234,52,327,53,229,53,332,55,214,53,307,53,316,52,650,55,424,53,419,53,355,53,413,53,462
140.190059,54,232,53,245,53,486,52,141,53,260,53,314,53,341,54,199,54,311,53,421,53,642,54,430,53,440,53,319,54,370,53,450
140.439371,52,212,53,193,53,540,52,199,54,282,53,281,53,328,54,183,54,290,53,413,53,768,54,463,53,403,53,359,52,441,54,439
140.688682,53,220,53,194,53,481,52,186,53,280,53,314,53,335,53,206,54,291,53,400,53,651,53,481,53,385,53,317,53,343,53,412
140.937993,53,239,52,198,53,470,52,246,52,284,52,334,53,338,55,203,52,289,52,445,54,678,54,445,53,331,53,394,52,436,54,478
141.187305,53,212,52,229,53,465,52,202,53,274,53,265,53,308,53,187,54,328,53,358,53,621,53,489,54,372,54,360,55,419,54,492
141.436616,53,205,54,187,53,511,53,181,54,301,53,316,53,316,54,171,54,250,54,378,54,698,54,494,52,350,53,339,53,359,53,451
141.685928,53,198,52,199,52,506,52,178,53,317,53,238,53,341,53,183,54,290,53,337,53,692,53,509,53,391,53,352,54,376,53,447
141.935239,53,190,52,197,52,523,52,169,53,328,53,283,54,358,53,190,53,304,53,388,53,626,54,510,53,392,53,307,52,368,54,518
142.184550,54,204,52,240,53,472,53,224,53,274,54,310,54,328,54,183,54,271,53,406,53,688,54,456,53,383,54,328,54,419,53,513
142.433862,53,228,53,253,52,514,54,145,54,301,52,255,53,306,54,190,54,209,53,374,54,718,54,402,53,378,52,369,53,480,53,460
142.683173,53,195,53,241,52,418,52,223,54,288,53,292,53,372,54,184,53,296,53,404,53,619,54,456,54,385,55,330,52,435,54,533
142.932485,53,167,54,200,51,539,53,193,53,320,52,316,53,326,53,177,54,271,53,379,53,687,54,447,54,323,54,340,53,394,53,480
143.181796,53,210,53,187,53,463,52,175,53,345,54,278,53,318,54,191,54,265,52,366,53,661,53,485,53,404,53,352,53,368,55,445
143.431107,54,226,52,201,53,507,51,186,53,392,53,321,53,309,54,173,52,309,53,404,53,665,53,451,53,329,53,370,53,417,53,431
143.680419,53,195,54,247,53,468,52,176,53,337,53,298,53,324,54,212,54,266,53,352,53,612,54,454,54,419,54,356,53,386,53,405
143.929730,53,219,53,214,52,531,52,212,55,333,54,326,53,298,54,178,53,228,53,420,53,619,53,473,53,366,53,358,53,395,54,383
144.179042,53,226,53,203,52,496,51,191,52,342,53,286,54,303,54,192,53,259,53,317,54,670,54,455,53,387,53,287,53,376,53,427
144.428353,53,216,53,238,54,515,52,175,52,350,52,319,53,312,54,192,54,283,53,375,52,678,54,427,52,408,53,336,52,367,53,445
144.677665,53,268,54,201,53,481,52,204,53,323,53,320,52,316,53,187,53,294,53,386,53,670,53,536,54,369,54,319,53,333,54,452
144.926976,52,243,52,211,52,571,52,200,52,315,52,312,54,314,54,181,52,222,53,371,53,694,55,477,54,411,54,299,52,416,53,436
145.176287,53,184,52,252,54,535,52,178,53,303,53,321,54,323,54,193,53,287,51,376,52,724,54,449,53,369,53,337,52,435,53,423
145.425599,54,257,54,186,53,494,52,174,54,313,52,286,53,316,53,183,54,243,53,342,53,662,54,468,53,365,53,375,53,421,53,493
145.674910,54,222,54,245,53,543,53,188,54,318,53,328,53,306,53,177,54,298,54,399,52,717,54,453,54,394,54,344,53,383,54,412
145.924222,52,200,52,240,52,506,52,149,53,270,52,311,53,308,54,192,54,348,53,397,53,657,54,423,53,357,53,312,52,378,53,389
146.173533,53,195,52,229,53,478,52,172,53,280,53,344,53,326,54,185,54,252,51,384,53,744,54,424,53,350,53,369,53,403,53,451
146.422844,54,300,54,164,53,550,53,201,54,323,53,357,53,325,53,187,54,325,54,333,54,661,54,415,53,404,52,386,54,352,53,461
146.672156,54,217,54,216,51,461,52,196,52,354,53,352,53,334,54,208,52,293,52,397,54,626,54,445,54,401,53,293,52,414,53,440
146.921467,54,222,53,252,53,525,51,189,53,301,53,322,53,298,54,211,53,273,53,371,52,709,54,468,53,372,54,366,52,374,53,399
147.170779,52,197,52,243,52,477,51,204,53,330,53,349,53,313,53,188,52,258,53,383,53,672,54,452,53,330,53,318,52,376,54,424
147.420090,54,238,53,193,52,488,52,199,54,327,53,311,53,332,54,211,54,262,53,392,53,709,54,466,53,371,53,353,53,322,52,409
147.669401,53,218,53,244,54,466,52,169,54,304,53,328,53,326,53,170,53,244,53,394,53,742,53,434,53,380,53,292,52,355,54,381
147.918713,53,238,53,187,53,534,52,213,53,300,53,305,53,321,55,229,53,285,53,358,53,704,54,438,54,355,54,298,53,407,54,385
148.168024,53,231,53,203,53,520,52,173,53,310,54,320,53,336,55,163,53,284,53,406,54,711,54,427,53,362,53,356,51,383,53,417
148.417336,53,185,52,207,52,549,52,212,53,230,53,296,53,285,54,214,53,249,52,368,53,739,54,472,52,349,53,305,54,387,54,424
148.666647,53,187,54,193,52,448,52,168,54,306,53,285,53,299,54,187,52,309,53,361,52,680,54,429,53,405,53,318,53,353,54,366
148.915958,53,216,52,157,52,581,52,183,53,262,53,267,53,271,55,204,53,287,52,406,53,704,55,390,54,392,53,322,53,431,53,415
149.165270,52,177,52,205,52,571,51,186,53,297,53,314,54,316,53,178,53,268,53,409,54,718,54,483,52,328,53,325,53,388,53,326
149.414581,53,238,53,250,52,532,52,165,54,293,54,289,53,288,54,212,53,282,54,445,53,662,54,420,53,378,54,378,53,453,53,322
149.663893,53,208,53,255,54,498,53,177,53,276,53,345,53,331,54,222,53,242,53,406,53,703,54,480,53,364,53,331,52,356,53,311
149.913204,53,204,52,204,53,534,52,220,53,278,53,270,53,357,54,246,53,278,53,431,53,743,53,451,52,411,52,356,53,410,54,347
